{"0":{"sourcePath":"F:\\WORKSPACE\\Laya\\jinyihandao\\bin","outPath":"C:\\Users\\1\\Desktop\\LKJH0823111","workspacePath":"F:\\WORKSPACE\\Laya\\client_henban","pngQualityLow":"65","pngQualityHigh":"80","jpgQuality":"85","mergeJs":false,"isWXOpenZone":false,"compressPng":false,"compressJpg":false,"compressJson":false,"jsontypes":"json,atlas,ls,lh,lmat,lav","compressJs":true,"enableVersion":false,"onlyIndexJS":false,"deleteOldVersionFile":false,"recompile":true,"excludeFiles":"","publishType":0,"publishValue":"web","projectType":"ts","copyOutFiles":"","copyOutPath":"","userCmd":""},"1":{"sourcePath":"F:\\WORKSPACE\\Laya\\client_henban\\bin","outPath":"C:\\Users\\1\\Desktop\\hb-10063","workspacePath":"F:\\WORKSPACE\\Laya\\client_henban","pngQualityLow":"65","pngQualityHigh":"80","jpgQuality":"85","mergeJs":false,"isWXOpenZone":false,"compressPng":false,"compressJpg":false,"compressJson":false,"jsontypes":"json,atlas,ls,lh,lmat,lav","compressJs":false,"enableVersion":false,"onlyIndexJS":false,"deleteOldVersionFile":false,"recompile":true,"excludeFiles":"","publishType":1,"publishValue":"wxgame","projectType":"ts","copyOutFiles":"","copyOutPath":"","userCmd":""},"pf":0}